<ForceField>
<AtomTypes>
<Type name="opls_802" class="H802" element="H" mass="1.008000" />
<Type name="opls_816" class="H816" element="H" mass="1.008000" />
<Type name="opls_812" class="H812" element="H" mass="1.008000" />
<Type name="opls_801" class="C801" element="C" mass="12.011000" />
<Type name="opls_813" class="H813" element="H" mass="1.008000" />
<Type name="opls_809" class="H809" element="H" mass="1.008000" />
<Type name="opls_804" class="H804" element="H" mass="1.008000" />
<Type name="opls_805" class="C805" element="C" mass="12.011000" />
<Type name="opls_807" class="H807" element="H" mass="1.008000" />
<Type name="opls_819" class="H819" element="H" mass="1.008000" />
<Type name="opls_815" class="H815" element="H" mass="1.008000" />
<Type name="opls_803" class="H803" element="H" mass="1.008000" />
<Type name="opls_817" class="H817" element="H" mass="1.008000" />
<Type name="opls_800" class="C800" element="C" mass="12.011000" />
<Type name="opls_814" class="C814" element="C" mass="12.011000" />
<Type name="opls_806" class="H806" element="H" mass="1.008000" />
<Type name="opls_818" class="H818" element="H" mass="1.008000" />
<Type name="opls_811" class="C811" element="C" mass="12.011000" />
<Type name="opls_810" class="H810" element="H" mass="1.008000" />
<Type name="opls_808" class="C808" element="C" mass="12.011000" />
</AtomTypes>
<Residues>
<Residue name="HEX">
<Atom name="C00" type="opls_800" />
<Atom name="C01" type="opls_801" />
<Atom name="H02" type="opls_802" />
<Atom name="H03" type="opls_803" />
<Atom name="H04" type="opls_804" />
<Atom name="C05" type="opls_805" />
<Atom name="H06" type="opls_806" />
<Atom name="H07" type="opls_807" />
<Atom name="C08" type="opls_808" />
<Atom name="H09" type="opls_809" />
<Atom name="H0A" type="opls_810" />
<Atom name="C0B" type="opls_811" />
<Atom name="H0C" type="opls_812" />
<Atom name="H0D" type="opls_813" />
<Atom name="C0E" type="opls_814" />
<Atom name="H0F" type="opls_815" />
<Atom name="H0G" type="opls_816" />
<Atom name="H0H" type="opls_817" />
<Atom name="H0I" type="opls_818" />
<Atom name="H0J" type="opls_819" />
<Bond from="0" to="1"/>
<Bond from="0" to="2"/>
<Bond from="0" to="3"/>
<Bond from="0" to="4"/>
<Bond from="1" to="5"/>
<Bond from="1" to="6"/>
<Bond from="1" to="7"/>
<Bond from="5" to="8"/>
<Bond from="5" to="9"/>
<Bond from="5" to="10"/>
<Bond from="8" to="11"/>
<Bond from="8" to="12"/>
<Bond from="8" to="13"/>
<Bond from="11" to="14"/>
<Bond from="11" to="15"/>
<Bond from="11" to="16"/>
<Bond from="14" to="17"/>
<Bond from="14" to="18"/>
<Bond from="14" to="19"/>
</Residue>
</Residues>
<HarmonicBondForce>
<Bond class1="C801" class2="C800" length="0.152900" k="224262.400000"/>
<Bond class1="H802" class2="C800" length="0.109000" k="284512.000000"/>
<Bond class1="H803" class2="C800" length="0.109000" k="284512.000000"/>
<Bond class1="H804" class2="C800" length="0.109000" k="284512.000000"/>
<Bond class1="C805" class2="C801" length="0.152900" k="224262.400000"/>
<Bond class1="H806" class2="C801" length="0.109000" k="284512.000000"/>
<Bond class1="H807" class2="C801" length="0.109000" k="284512.000000"/>
<Bond class1="C808" class2="C805" length="0.152900" k="224262.400000"/>
<Bond class1="H809" class2="C805" length="0.109000" k="284512.000000"/>
<Bond class1="H810" class2="C805" length="0.109000" k="284512.000000"/>
<Bond class1="C811" class2="C808" length="0.152900" k="224262.400000"/>
<Bond class1="H812" class2="C808" length="0.109000" k="284512.000000"/>
<Bond class1="H813" class2="C808" length="0.109000" k="284512.000000"/>
<Bond class1="C814" class2="C811" length="0.152900" k="224262.400000"/>
<Bond class1="H815" class2="C811" length="0.109000" k="284512.000000"/>
<Bond class1="H816" class2="C811" length="0.109000" k="284512.000000"/>
<Bond class1="H817" class2="C814" length="0.109000" k="284512.000000"/>
<Bond class1="H818" class2="C814" length="0.109000" k="284512.000000"/>
<Bond class1="H819" class2="C814" length="0.109000" k="284512.000000"/>
</HarmonicBondForce>
<HarmonicAngleForce>
<Angle class1="C801" class2="C800" class3="H802" angle="1.932079" k="313.800000"/>
<Angle class1="C801" class2="C800" class3="H803" angle="1.932079" k="313.800000"/>
<Angle class1="C801" class2="C800" class3="H804" angle="1.932079" k="313.800000"/>
<Angle class1="C800" class2="C801" class3="C805" angle="1.966986" k="488.272800"/>
<Angle class1="C800" class2="C801" class3="H806" angle="1.932079" k="313.800000"/>
<Angle class1="C800" class2="C801" class3="H807" angle="1.932079" k="313.800000"/>
<Angle class1="C801" class2="C805" class3="C808" angle="1.966986" k="488.272800"/>
<Angle class1="C801" class2="C805" class3="H809" angle="1.932079" k="313.800000"/>
<Angle class1="C801" class2="C805" class3="H810" angle="1.932079" k="313.800000"/>
<Angle class1="C805" class2="C808" class3="C811" angle="1.966986" k="488.272800"/>
<Angle class1="C805" class2="C808" class3="H812" angle="1.932079" k="313.800000"/>
<Angle class1="C805" class2="C808" class3="H813" angle="1.932079" k="313.800000"/>
<Angle class1="C808" class2="C811" class3="C814" angle="1.966986" k="488.272800"/>
<Angle class1="C808" class2="C811" class3="H815" angle="1.932079" k="313.800000"/>
<Angle class1="C808" class2="C811" class3="H816" angle="1.932079" k="313.800000"/>
<Angle class1="C811" class2="C814" class3="H817" angle="1.932079" k="313.800000"/>
<Angle class1="C811" class2="C814" class3="H818" angle="1.932079" k="313.800000"/>
<Angle class1="C811" class2="C814" class3="H819" angle="1.932079" k="313.800000"/>
<Angle class1="H812" class2="C808" class3="H813" angle="1.881465" k="276.144000"/>
<Angle class1="H818" class2="C814" class3="H819" angle="1.881465" k="276.144000"/>
<Angle class1="H817" class2="C814" class3="H818" angle="1.881465" k="276.144000"/>
<Angle class1="H817" class2="C814" class3="H819" angle="1.881465" k="276.144000"/>
<Angle class1="C811" class2="C808" class3="H813" angle="1.932079" k="313.800000"/>
<Angle class1="C814" class2="C811" class3="H815" angle="1.932079" k="313.800000"/>
<Angle class1="H802" class2="C800" class3="H803" angle="1.881465" k="276.144000"/>
<Angle class1="H802" class2="C800" class3="H804" angle="1.881465" k="276.144000"/>
<Angle class1="H806" class2="C801" class3="H807" angle="1.881465" k="276.144000"/>
<Angle class1="C808" class2="C805" class3="H809" angle="1.932079" k="313.800000"/>
<Angle class1="C805" class2="C801" class3="H806" angle="1.932079" k="313.800000"/>
<Angle class1="C808" class2="C805" class3="H810" angle="1.932079" k="313.800000"/>
<Angle class1="H815" class2="C811" class3="H816" angle="1.881465" k="276.144000"/>
<Angle class1="C811" class2="C808" class3="H812" angle="1.932079" k="313.800000"/>
<Angle class1="H809" class2="C805" class3="H810" angle="1.881465" k="276.144000"/>
<Angle class1="C805" class2="C801" class3="H807" angle="1.932079" k="313.800000"/>
<Angle class1="H803" class2="C800" class3="H804" angle="1.881465" k="276.144000"/>
<Angle class1="C814" class2="C811" class3="H816" angle="1.932079" k="313.800000"/>
</HarmonicAngleForce>
<PeriodicTorsionForce>
<Proper class1="C805" class2="C801" class3="C800" class4="H802" k1="0.000000" k2="0.000000" k3="0.627600" k4="0.000000" periodicity1="1" periodicity2="2" periodicity3="3" periodicity4="4" phase1="0.00" phase2="3.141592653589793" phase3="0.00" phase4="3.141592653589793"/>
<Proper class1="C805" class2="C801" class3="C800" class4="H803" k1="0.000000" k2="0.000000" k3="0.627600" k4="0.000000" periodicity1="1" periodicity2="2" periodicity3="3" periodicity4="4" phase1="0.00" phase2="3.141592653589793" phase3="0.00" phase4="3.141592653589793"/>
<Proper class1="C805" class2="C801" class3="C800" class4="H804" k1="0.000000" k2="0.000000" k3="0.627600" k4="0.000000" periodicity1="1" periodicity2="2" periodicity3="3" periodicity4="4" phase1="0.00" phase2="3.141592653589793" phase3="0.00" phase4="3.141592653589793"/>
<Proper class1="C808" class2="C805" class3="C801" class4="C800" k1="2.719600" k2="-0.418400" k3="0.418400" k4="0.000000" periodicity1="1" periodicity2="2" periodicity3="3" periodicity4="4" phase1="0.00" phase2="3.141592653589793" phase3="0.00" phase4="3.141592653589793"/>
<Proper class1="C808" class2="C805" class3="C801" class4="H806" k1="0.000000" k2="0.000000" k3="0.627600" k4="0.000000" periodicity1="1" periodicity2="2" periodicity3="3" periodicity4="4" phase1="0.00" phase2="3.141592653589793" phase3="0.00" phase4="3.141592653589793"/>
<Proper class1="C808" class2="C805" class3="C801" class4="H807" k1="0.000000" k2="0.000000" k3="0.627600" k4="0.000000" periodicity1="1" periodicity2="2" periodicity3="3" periodicity4="4" phase1="0.00" phase2="3.141592653589793" phase3="0.00" phase4="3.141592653589793"/>
<Proper class1="C811" class2="C808" class3="C805" class4="C801" k1="2.719600" k2="-0.418400" k3="0.418400" k4="0.000000" periodicity1="1" periodicity2="2" periodicity3="3" periodicity4="4" phase1="0.00" phase2="3.141592653589793" phase3="0.00" phase4="3.141592653589793"/>
<Proper class1="C811" class2="C808" class3="C805" class4="H809" k1="0.000000" k2="0.000000" k3="0.627600" k4="0.000000" periodicity1="1" periodicity2="2" periodicity3="3" periodicity4="4" phase1="0.00" phase2="3.141592653589793" phase3="0.00" phase4="3.141592653589793"/>
<Proper class1="C811" class2="C808" class3="C805" class4="H810" k1="0.000000" k2="0.000000" k3="0.627600" k4="0.000000" periodicity1="1" periodicity2="2" periodicity3="3" periodicity4="4" phase1="0.00" phase2="3.141592653589793" phase3="0.00" phase4="3.141592653589793"/>
<Proper class1="C814" class2="C811" class3="C808" class4="C805" k1="2.719600" k2="-0.418400" k3="0.418400" k4="0.000000" periodicity1="1" periodicity2="2" periodicity3="3" periodicity4="4" phase1="0.00" phase2="3.141592653589793" phase3="0.00" phase4="3.141592653589793"/>
<Proper class1="C814" class2="C811" class3="C808" class4="H812" k1="0.000000" k2="0.000000" k3="0.627600" k4="0.000000" periodicity1="1" periodicity2="2" periodicity3="3" periodicity4="4" phase1="0.00" phase2="3.141592653589793" phase3="0.00" phase4="3.141592653589793"/>
<Proper class1="C814" class2="C811" class3="C808" class4="H813" k1="0.000000" k2="0.000000" k3="0.627600" k4="0.000000" periodicity1="1" periodicity2="2" periodicity3="3" periodicity4="4" phase1="0.00" phase2="3.141592653589793" phase3="0.00" phase4="3.141592653589793"/>
<Proper class1="H806" class2="C801" class3="C800" class4="H802" k1="0.000000" k2="0.000000" k3="0.627600" k4="0.000000" periodicity1="1" periodicity2="2" periodicity3="3" periodicity4="4" phase1="0.00" phase2="3.141592653589793" phase3="0.00" phase4="3.141592653589793"/>
<Proper class1="H806" class2="C801" class3="C800" class4="H803" k1="0.000000" k2="0.000000" k3="0.627600" k4="0.000000" periodicity1="1" periodicity2="2" periodicity3="3" periodicity4="4" phase1="0.00" phase2="3.141592653589793" phase3="0.00" phase4="3.141592653589793"/>
<Proper class1="H806" class2="C801" class3="C800" class4="H804" k1="0.000000" k2="0.000000" k3="0.627600" k4="0.000000" periodicity1="1" periodicity2="2" periodicity3="3" periodicity4="4" phase1="0.00" phase2="3.141592653589793" phase3="0.00" phase4="3.141592653589793"/>
<Proper class1="H807" class2="C801" class3="C800" class4="H802" k1="0.000000" k2="0.000000" k3="0.627600" k4="0.000000" periodicity1="1" periodicity2="2" periodicity3="3" periodicity4="4" phase1="0.00" phase2="3.141592653589793" phase3="0.00" phase4="3.141592653589793"/>
<Proper class1="H807" class2="C801" class3="C800" class4="H803" k1="0.000000" k2="0.000000" k3="0.627600" k4="0.000000" periodicity1="1" periodicity2="2" periodicity3="3" periodicity4="4" phase1="0.00" phase2="3.141592653589793" phase3="0.00" phase4="3.141592653589793"/>
<Proper class1="H807" class2="C801" class3="C800" class4="H804" k1="0.000000" k2="0.000000" k3="0.627600" k4="0.000000" periodicity1="1" periodicity2="2" periodicity3="3" periodicity4="4" phase1="0.00" phase2="3.141592653589793" phase3="0.00" phase4="3.141592653589793"/>
<Proper class1="H809" class2="C805" class3="C801" class4="C800" k1="0.000000" k2="0.000000" k3="0.627600" k4="0.000000" periodicity1="1" periodicity2="2" periodicity3="3" periodicity4="4" phase1="0.00" phase2="3.141592653589793" phase3="0.00" phase4="3.141592653589793"/>
<Proper class1="H809" class2="C805" class3="C801" class4="H806" k1="0.000000" k2="0.000000" k3="0.627600" k4="0.000000" periodicity1="1" periodicity2="2" periodicity3="3" periodicity4="4" phase1="0.00" phase2="3.141592653589793" phase3="0.00" phase4="3.141592653589793"/>
<Proper class1="H809" class2="C805" class3="C801" class4="H807" k1="0.000000" k2="0.000000" k3="0.627600" k4="0.000000" periodicity1="1" periodicity2="2" periodicity3="3" periodicity4="4" phase1="0.00" phase2="3.141592653589793" phase3="0.00" phase4="3.141592653589793"/>
<Proper class1="H810" class2="C805" class3="C801" class4="C800" k1="0.000000" k2="0.000000" k3="0.627600" k4="0.000000" periodicity1="1" periodicity2="2" periodicity3="3" periodicity4="4" phase1="0.00" phase2="3.141592653589793" phase3="0.00" phase4="3.141592653589793"/>
<Proper class1="H810" class2="C805" class3="C801" class4="H806" k1="0.000000" k2="0.000000" k3="0.627600" k4="0.000000" periodicity1="1" periodicity2="2" periodicity3="3" periodicity4="4" phase1="0.00" phase2="3.141592653589793" phase3="0.00" phase4="3.141592653589793"/>
<Proper class1="H810" class2="C805" class3="C801" class4="H807" k1="0.000000" k2="0.000000" k3="0.627600" k4="0.000000" periodicity1="1" periodicity2="2" periodicity3="3" periodicity4="4" phase1="0.00" phase2="3.141592653589793" phase3="0.00" phase4="3.141592653589793"/>
<Proper class1="H812" class2="C808" class3="C805" class4="C801" k1="0.000000" k2="0.000000" k3="0.627600" k4="0.000000" periodicity1="1" periodicity2="2" periodicity3="3" periodicity4="4" phase1="0.00" phase2="3.141592653589793" phase3="0.00" phase4="3.141592653589793"/>
<Proper class1="H812" class2="C808" class3="C805" class4="H809" k1="0.000000" k2="0.000000" k3="0.627600" k4="0.000000" periodicity1="1" periodicity2="2" periodicity3="3" periodicity4="4" phase1="0.00" phase2="3.141592653589793" phase3="0.00" phase4="3.141592653589793"/>
<Proper class1="H812" class2="C808" class3="C805" class4="H810" k1="0.000000" k2="0.000000" k3="0.627600" k4="0.000000" periodicity1="1" periodicity2="2" periodicity3="3" periodicity4="4" phase1="0.00" phase2="3.141592653589793" phase3="0.00" phase4="3.141592653589793"/>
<Proper class1="H813" class2="C808" class3="C805" class4="C801" k1="0.000000" k2="0.000000" k3="0.627600" k4="0.000000" periodicity1="1" periodicity2="2" periodicity3="3" periodicity4="4" phase1="0.00" phase2="3.141592653589793" phase3="0.00" phase4="3.141592653589793"/>
<Proper class1="H813" class2="C808" class3="C805" class4="H809" k1="0.000000" k2="0.000000" k3="0.627600" k4="0.000000" periodicity1="1" periodicity2="2" periodicity3="3" periodicity4="4" phase1="0.00" phase2="3.141592653589793" phase3="0.00" phase4="3.141592653589793"/>
<Proper class1="H813" class2="C808" class3="C805" class4="H810" k1="0.000000" k2="0.000000" k3="0.627600" k4="0.000000" periodicity1="1" periodicity2="2" periodicity3="3" periodicity4="4" phase1="0.00" phase2="3.141592653589793" phase3="0.00" phase4="3.141592653589793"/>
<Proper class1="H815" class2="C811" class3="C808" class4="C805" k1="0.000000" k2="0.000000" k3="0.627600" k4="0.000000" periodicity1="1" periodicity2="2" periodicity3="3" periodicity4="4" phase1="0.00" phase2="3.141592653589793" phase3="0.00" phase4="3.141592653589793"/>
<Proper class1="H815" class2="C811" class3="C808" class4="H812" k1="0.000000" k2="0.000000" k3="0.627600" k4="0.000000" periodicity1="1" periodicity2="2" periodicity3="3" periodicity4="4" phase1="0.00" phase2="3.141592653589793" phase3="0.00" phase4="3.141592653589793"/>
<Proper class1="H815" class2="C811" class3="C808" class4="H813" k1="0.000000" k2="0.000000" k3="0.627600" k4="0.000000" periodicity1="1" periodicity2="2" periodicity3="3" periodicity4="4" phase1="0.00" phase2="3.141592653589793" phase3="0.00" phase4="3.141592653589793"/>
<Proper class1="H816" class2="C811" class3="C808" class4="C805" k1="0.000000" k2="0.000000" k3="0.627600" k4="0.000000" periodicity1="1" periodicity2="2" periodicity3="3" periodicity4="4" phase1="0.00" phase2="3.141592653589793" phase3="0.00" phase4="3.141592653589793"/>
<Proper class1="H816" class2="C811" class3="C808" class4="H812" k1="0.000000" k2="0.000000" k3="0.627600" k4="0.000000" periodicity1="1" periodicity2="2" periodicity3="3" periodicity4="4" phase1="0.00" phase2="3.141592653589793" phase3="0.00" phase4="3.141592653589793"/>
<Proper class1="H816" class2="C811" class3="C808" class4="H813" k1="0.000000" k2="0.000000" k3="0.627600" k4="0.000000" periodicity1="1" periodicity2="2" periodicity3="3" periodicity4="4" phase1="0.00" phase2="3.141592653589793" phase3="0.00" phase4="3.141592653589793"/>
<Proper class1="H817" class2="C814" class3="C811" class4="C808" k1="0.000000" k2="0.000000" k3="0.627600" k4="0.000000" periodicity1="1" periodicity2="2" periodicity3="3" periodicity4="4" phase1="0.00" phase2="3.141592653589793" phase3="0.00" phase4="3.141592653589793"/>
<Proper class1="H817" class2="C814" class3="C811" class4="H815" k1="0.000000" k2="0.000000" k3="0.627600" k4="0.000000" periodicity1="1" periodicity2="2" periodicity3="3" periodicity4="4" phase1="0.00" phase2="3.141592653589793" phase3="0.00" phase4="3.141592653589793"/>
<Proper class1="H817" class2="C814" class3="C811" class4="H816" k1="0.000000" k2="0.000000" k3="0.627600" k4="0.000000" periodicity1="1" periodicity2="2" periodicity3="3" periodicity4="4" phase1="0.00" phase2="3.141592653589793" phase3="0.00" phase4="3.141592653589793"/>
<Proper class1="H818" class2="C814" class3="C811" class4="C808" k1="0.000000" k2="0.000000" k3="0.627600" k4="0.000000" periodicity1="1" periodicity2="2" periodicity3="3" periodicity4="4" phase1="0.00" phase2="3.141592653589793" phase3="0.00" phase4="3.141592653589793"/>
<Proper class1="H818" class2="C814" class3="C811" class4="H815" k1="0.000000" k2="0.000000" k3="0.627600" k4="0.000000" periodicity1="1" periodicity2="2" periodicity3="3" periodicity4="4" phase1="0.00" phase2="3.141592653589793" phase3="0.00" phase4="3.141592653589793"/>
<Proper class1="H818" class2="C814" class3="C811" class4="H816" k1="0.000000" k2="0.000000" k3="0.627600" k4="0.000000" periodicity1="1" periodicity2="2" periodicity3="3" periodicity4="4" phase1="0.00" phase2="3.141592653589793" phase3="0.00" phase4="3.141592653589793"/>
<Proper class1="H819" class2="C814" class3="C811" class4="C808" k1="0.000000" k2="0.000000" k3="0.627600" k4="0.000000" periodicity1="1" periodicity2="2" periodicity3="3" periodicity4="4" phase1="0.00" phase2="3.141592653589793" phase3="0.00" phase4="3.141592653589793"/>
<Proper class1="H819" class2="C814" class3="C811" class4="H815" k1="0.000000" k2="0.000000" k3="0.627600" k4="0.000000" periodicity1="1" periodicity2="2" periodicity3="3" periodicity4="4" phase1="0.00" phase2="3.141592653589793" phase3="0.00" phase4="3.141592653589793"/>
<Proper class1="H819" class2="C814" class3="C811" class4="H816" k1="0.000000" k2="0.000000" k3="0.627600" k4="0.000000" periodicity1="1" periodicity2="2" periodicity3="3" periodicity4="4" phase1="0.00" phase2="3.141592653589793" phase3="0.00" phase4="3.141592653589793"/>
<Improper class1="C800" class2="C801" class3="H802" class4="H803" k1="0.000000" k2="0.000000" k3="0.000000" k4="0.000000" periodicity1="1" periodicity2="2" periodicity3="3" periodicity4="4" phase1="0.00" phase2="3.141592653589793" phase3="0.00" phase4="3.141592653589793"/>
<Improper class1="C800" class2="C801" class3="H802" class4="H804" k1="0.000000" k2="0.000000" k3="0.000000" k4="0.000000" periodicity1="1" periodicity2="2" periodicity3="3" periodicity4="4" phase1="0.00" phase2="3.141592653589793" phase3="0.00" phase4="3.141592653589793"/>
<Improper class1="C801" class2="C800" class3="C805" class4="H806" k1="0.000000" k2="0.000000" k3="0.000000" k4="0.000000" periodicity1="1" periodicity2="2" periodicity3="3" periodicity4="4" phase1="0.00" phase2="3.141592653589793" phase3="0.00" phase4="3.141592653589793"/>
<Improper class1="C801" class2="C800" class3="C805" class4="H807" k1="0.000000" k2="0.000000" k3="0.000000" k4="0.000000" periodicity1="1" periodicity2="2" periodicity3="3" periodicity4="4" phase1="0.00" phase2="3.141592653589793" phase3="0.00" phase4="3.141592653589793"/>
<Improper class1="C805" class2="C808" class3="H809" class4="C801" k1="0.000000" k2="0.000000" k3="0.000000" k4="0.000000" periodicity1="1" periodicity2="2" periodicity3="3" periodicity4="4" phase1="0.00" phase2="3.141592653589793" phase3="0.00" phase4="3.141592653589793"/>
<Improper class1="C805" class2="C808" class3="C801" class4="H810" k1="0.000000" k2="0.000000" k3="0.000000" k4="0.000000" periodicity1="1" periodicity2="2" periodicity3="3" periodicity4="4" phase1="0.00" phase2="3.141592653589793" phase3="0.00" phase4="3.141592653589793"/>
<Improper class1="C808" class2="C811" class3="H812" class4="C805" k1="0.000000" k2="0.000000" k3="0.000000" k4="0.000000" periodicity1="1" periodicity2="2" periodicity3="3" periodicity4="4" phase1="0.00" phase2="3.141592653589793" phase3="0.00" phase4="3.141592653589793"/>
<Improper class1="C808" class2="C811" class3="H813" class4="C805" k1="0.000000" k2="0.000000" k3="0.000000" k4="0.000000" periodicity1="1" periodicity2="2" periodicity3="3" periodicity4="4" phase1="0.00" phase2="3.141592653589793" phase3="0.00" phase4="3.141592653589793"/>
<Improper class1="C811" class2="C808" class3="C814" class4="H815" k1="0.000000" k2="0.000000" k3="0.000000" k4="0.000000" periodicity1="1" periodicity2="2" periodicity3="3" periodicity4="4" phase1="0.00" phase2="3.141592653589793" phase3="0.00" phase4="3.141592653589793"/>
<Improper class1="C811" class2="H816" class3="C808" class4="C814" k1="0.000000" k2="0.000000" k3="0.000000" k4="0.000000" periodicity1="1" periodicity2="2" periodicity3="3" periodicity4="4" phase1="0.00" phase2="3.141592653589793" phase3="0.00" phase4="3.141592653589793"/>
<Improper class1="C814" class2="H817" class3="H818" class4="C811" k1="0.000000" k2="0.000000" k3="0.000000" k4="0.000000" periodicity1="1" periodicity2="2" periodicity3="3" periodicity4="4" phase1="0.00" phase2="3.141592653589793" phase3="0.00" phase4="3.141592653589793"/>
<Improper class1="C814" class2="C811" class3="H817" class4="H819" k1="0.000000" k2="0.000000" k3="0.000000" k4="0.000000" periodicity1="1" periodicity2="2" periodicity3="3" periodicity4="4" phase1="0.00" phase2="3.141592653589793" phase3="0.00" phase4="3.141592653589793"/>
</PeriodicTorsionForce>
<NonbondedForce coulomb14scale="0.5" lj14scale="0.5">
<Atom type="opls_800" charge="-0.241800" sigma="0.350000" epsilon="0.276144" />
<Atom type="opls_802" charge="0.082000" sigma="0.250000" epsilon="0.125520" />
<Atom type="opls_807" charge="0.089500" sigma="0.250000" epsilon="0.125520" />
<Atom type="opls_804" charge="0.082000" sigma="0.250000" epsilon="0.125520" />
<Atom type="opls_819" charge="0.082100" sigma="0.250000" epsilon="0.125520" />
<Atom type="opls_803" charge="0.082000" sigma="0.250000" epsilon="0.125520" />
<Atom type="opls_814" charge="-0.241800" sigma="0.350000" epsilon="0.276144" />
<Atom type="opls_809" charge="0.090700" sigma="0.250000" epsilon="0.125520" />
<Atom type="opls_808" charge="-0.181100" sigma="0.350000" epsilon="0.276144" />
<Atom type="opls_810" charge="0.090700" sigma="0.250000" epsilon="0.125520" />
<Atom type="opls_805" charge="-0.181300" sigma="0.350000" epsilon="0.276144" />
<Atom type="opls_818" charge="0.082100" sigma="0.250000" epsilon="0.125520" />
<Atom type="opls_801" charge="-0.183500" sigma="0.350000" epsilon="0.276144" />
<Atom type="opls_806" charge="0.089500" sigma="0.250000" epsilon="0.125520" />
<Atom type="opls_812" charge="0.090700" sigma="0.250000" epsilon="0.125520" />
<Atom type="opls_817" charge="0.082100" sigma="0.250000" epsilon="0.125520" />
<Atom type="opls_813" charge="0.090700" sigma="0.250000" epsilon="0.125520" />
<Atom type="opls_816" charge="0.089500" sigma="0.250000" epsilon="0.125520" />
<Atom type="opls_811" charge="-0.183600" sigma="0.350000" epsilon="0.276144" />
<Atom type="opls_815" charge="0.089500" sigma="0.250000" epsilon="0.125520" />
</NonbondedForce>
</ForceField>
